model,benchmark_model,rmsle,benchmark_rmsle,rmsle_improvement_abs,rmsle_improvement_pct,mae,benchmark_mae,mae_improvement_abs,mae_improvement_pct,wape,benchmark_wape,wape_improvement_abs,wape_improvement_pct,total_bias_pct,benchmark_total_bias_pct,abs_total_bias_pct,benchmark_abs_total_bias_pct
lightgbm_v1,baseline_rolling_mean_28_origin,0.41670386640526996,0.521588014538081,0.10488414813281105,0.20108619295191546,68.13794990533272,97.22309114929791,29.085141243965197,0.29915877905282207,0.1458610259452829,0.2081227838570248,0.06226175791174188,0.29915877905282184,-0.0008340189684872201,0.0134348480417117,0.0008340189684872201,0.0134348480417117
