day_of_week_num,day_of_week,observed_days,mean_daily_sales,median_daily_sales,min_daily_sales,max_daily_sales,mean_promotion_rows_pct,mean_zero_sales_pct
0,Monday,241,617542.7130524549,651800.509461,278627.588926,1402306.370834,0.18848931919471337,0.3101717963405377
1,Tuesday,241,572280.5048055477,603427.946974,264488.8180765,1152089.208085,0.19326040487866214,0.3118715974870885
2,Wednesday,239,595690.7563507091,633413.8905697,281061.127052,1196146.056374,0.21507966696251213,0.31227664839938196
3,Thursday,239,507329.8520941824,532423.558194,247245.690995,1135849.391084,0.20080160038319034,0.31424660364688256
4,Friday,239,581930.5994407699,626674.025055,285679.869131,1282145.5171351,0.23642045748042959,0.3135609934773115
5,Saturday,241,772205.5939426619,816064.644983,403258.2120105,1463083.962459,0.20035765678919207,0.2973767178469806
6,Sunday,239,828620.3626696874,865639.677471,300951.328993,1376511.520495,0.19603754889668418,0.3172848898092971
