holiday_locale_column,event_days,mean_daily_sales_when_present,median_daily_sales_when_present,mean_daily_sales_when_absent,mean_promotion_rows_pct_when_present,mean_zero_sales_pct_when_present,sales_ratio_vs_absent
holiday_locale_national,138,761470.7918844406,742923.2174835,628494.2113735469,0.24892239626539145,0.2782006864132468,1.2115796424286536
holiday_locale_regional,18,689644.3107191388,575724.3193925,638879.5613568597,0.20080433969322856,0.30748846489587234,1.0794590286382997
holiday_locale_local,106,646984.1780503406,635344.6991477499,638914.3204916418,0.21859051733265572,0.30164326705207206,1.0126305786235767
