holiday_type_column,event_days,mean_daily_sales_when_present,median_daily_sales_when_present,mean_daily_sales_when_absent,mean_promotion_rows_pct_when_present,mean_zero_sales_pct_when_present,sales_ratio_vs_absent
holiday_type_additional,38,868954.7446355104,921775.0648685,634108.634192894,0.23690117549766673,0.2719150570027763,1.3703562730091716
holiday_type_transfer,9,833536.0421709556,826373.722022,638377.6794174551,0.39356528245417133,0.20014964459408902,1.3057098784086407
holiday_type_bridge,3,796110.0217510001,858468.216477,639143.3287240069,0.3282828282828283,0.28133183688739244,1.2455891909884491
holiday_type_event,55,757393.5379650946,737819.484836,635428.5125730346,0.28623609835731045,0.24828078767472708,1.1919413796812297
holiday_type_work_day,5,663184.7075065,569956.90801,639352.8228609057,0.18024691358024691,0.3726150392817059,1.0372750127839492
holiday_type_holiday,150,655881.3795645059,632642.68755415,637809.24922957,0.20531612420501313,0.3097119341563786,1.0283346946704923
