has_promotion,rows,total_sales,mean_sales,median_sales,max_sales,zero_sales_rows,total_promotion_units,rows_pct,sales_share_pct,zero_sales_pct
False,2389559,378139781.7443115,158.24668139364272,3.0,89576.36,939113,0,0.7962839666125493,0.3522018903627187,0.3930068267826825
True,611329,695505170.458757,1137.6937303133943,373.0,124717.0,17,7810622,0.20371603338745065,0.6477981096372813,2.7808266907017333e-05
