store_type,stores,observed_store_days,total_sales,mean_daily_store_sales,median_daily_store_sales,std_daily_store_sales,mean_promoted_families_pct,mean_zero_sales_families_pct
A,9,15156,353043841.802656,23293.998535408813,21407.110985,14523.110533380031,0.23256116189607876,0.27840559194478437
D,18,30312,351083296.8637279,11582.320429655843,10176.8535,7870.787335698593,0.22251913433623646,0.2667660372529731
C,15,25260,164434742.5648542,6509.688937642684,6020.804,3510.9967253043133,0.17169317881906956,0.3596043571102953
B,8,13472,145260635.1333329,10782.410565122693,10551.4405,6700.391856624946,0.1957168178219247,0.33300493054055996
E,4,6736,59822435.8384975,8881.002945145116,9034.682499999999,5256.311589626286,0.19028467573598215,0.3834484992442237
