promotion_flag,rows,actual_total_sales,predicted_total_sales,rmsle,mae,wape,bias,total_bias_pct
with_promotion,12481,12435885.501141999,1.2553619e+07,0.5582654194735543,206.57856922542967,0.2073279882052484,9.433002414589007,0.009467223152358055
without_promotion,16031,883294.2805059999,944502.1,0.4911399724750923,12.083940636653617,0.21931269863450484,3.8180932736694744,0.06929497294506662
