promotion_status,rows_baseline,actual_total_sales_baseline,predicted_total_sales_baseline,rmsle_baseline,mae_baseline,wape_baseline,bias_baseline,total_bias_pct_baseline,total_absolute_error_baseline,error_contribution_pct_baseline,rows_lightgbm,actual_total_sales_lightgbm,predicted_total_sales_lightgbm,rmsle_lightgbm,mae_lightgbm,wape_lightgbm,bias_lightgbm,total_bias_pct_lightgbm,total_absolute_error_lightgbm,error_contribution_pct_lightgbm,rmsle_delta_lightgbm_minus_baseline,wape_delta_lightgbm_minus_baseline
with_promotion,12481.0,12435885.501141999,12553618.804278485,0.5582654194735543,206.57856922542967,0.2073279882052484,9.433002414589007,0.009467223152358149,2578307.1225025877,0.9301169116149902,12481.0,12435885.501141999,12460683.886353772,0.35471576342303135,143.3181913901345,0.14383811643939676,1.98689089109634,0.0019940988689141565,1788754.3467402686,0.920733526095479,-0.203549656050523,-0.06348987176585164
without_promotion,16031.0,883294.2805059999,944502.1337761953,0.4911399724750923,12.083940636653617,0.21931269863450484,3.8180932736694744,0.0692949729450667,193717.65234619414,0.06988308838500973,16031.0,883294.2805059999,847387.4467116401,0.45920764744835024,9.606068302699612,0.17434153527220927,-2.23983742713242,-0.04065104301795138,153994.8809605775,0.07926647390452103,-0.03193232502674204,-0.04497116336229556
