holiday_status,rows_baseline,actual_total_sales_baseline,predicted_total_sales_baseline,rmsle_baseline,mae_baseline,wape_baseline,bias_baseline,total_bias_pct_baseline,total_absolute_error_baseline,error_contribution_pct_baseline,rows_lightgbm,actual_total_sales_lightgbm,predicted_total_sales_lightgbm,rmsle_lightgbm,mae_lightgbm,wape_lightgbm,bias_lightgbm,total_bias_pct_lightgbm,total_absolute_error_lightgbm,error_contribution_pct_lightgbm,rmsle_delta_lightgbm_minus_baseline,wape_delta_lightgbm_minus_baseline
holiday_or_event,5346.0,2554729.308453,2530897.6758852527,0.5273628362005403,96.21100369934945,0.20133014643660227,-4.457843727599579,-0.009328437454760554,514344.0257767222,0.18554813450568114,5346.0,2554729.308453,2565204.793819148,0.42208240153784965,73.89578020720884,0.15463354167528479,1.959499694378665,0.004100428695708394,395046.84098773845,0.20334422752814996,-0.1052804346626906,-0.046696604761317484
normal_day,23166.0,10764450.473195001,10967223.262169428,0.5202462602933645,97.45664979159369,0.20973488193326753,8.753034143763628,0.01883726340507205,2257680.7490720595,0.8144518654943189,23166.0,10764450.473195001,10742866.539246265,0.41545277759699356,66.80921983566898,0.14377904293090527,-0.9317074138277983,-0.002005112476710602,1547702.3867131076,0.79665577247185,-0.10479348269637095,-0.06595583900236227
