model,rows,rmsle,mae,wape,bias,total_bias_pct,actual_total_sales,predicted_total_sales
lightgbm_v1,28512,0.41670386640526996,68.13794990533272,0.1458610259452829,-0.3896060810390852,-0.0008340189684872201,13319179.781647999,13308071.333065413
