model,rows,rmsle,mae,wape,bias,total_bias_pct,actual_total_sales,predicted_total_sales,model_type,abs_bias,abs_total_bias_pct,rmsle_rank
lightgbm_v1,28512,0.41670386640526996,68.13794990533272,0.1458610259452829,-0.3896060810390852,-0.0008340189684872201,13319179.781647999,13308071.333065413,machine_learning,0.3896060810390852,0.0008340189684872201,1
baseline_rolling_mean_28_origin,28512,0.521588014538081,97.22309114929791,0.2081227838570248,6.2759945428830255,0.0134348480417117,13319179.781648,13498121.0,baseline,6.2759945428830255,0.0134348480417117,2
baseline_last_7_day_pattern,28512,0.6170404161001374,96.53539086220458,0.2066506428613292,1.914628503287372,0.0040985923142915,13319179.781648,13373770.0,baseline,1.914628503287372,0.0040985923142915,3
baseline_last_observed,28512,0.659484200467136,207.5057896092877,0.4442019081003776,163.47011335579325,0.3499359531449828,13319179.781648,17980040.0,baseline,163.47011335579325,0.3499359531449828,4
baseline_store_family_weekday_avg,28512,0.691629056068217,142.7926201524263,0.3056722149959771,-113.5773298958584,-0.2431318506904359,13319179.781648,10080863.0,baseline,113.5773298958584,0.2431318506904359,5
baseline_zero,28512,4.419499687191416,467.1429496930415,1.0,-467.1429496930415,-1.0,13319179.781648,0.0,baseline,467.1429496930415,1.0,6
