promotion_status,rows_lightgbm,actual_total_sales_lightgbm,predicted_total_sales_lightgbm,rmsle_lightgbm,mae_lightgbm,wape_lightgbm,bias_lightgbm,total_bias_pct_lightgbm,total_absolute_error_lightgbm,error_contribution_pct_lightgbm,rows_baseline,actual_total_sales_baseline,predicted_total_sales_baseline,rmsle_baseline,mae_baseline,wape_baseline,bias_baseline,total_bias_pct_baseline,total_absolute_error_baseline,error_contribution_pct_baseline,rmsle_improvement_abs,rmsle_improvement_pct,mae_improvement_abs,mae_improvement_pct,wape_improvement_pp,absolute_error_reduction,absolute_error_reduction_pct,abs_total_bias_pct_lightgbm,abs_total_bias_pct_baseline,abs_total_bias_improvement_pp
without_promotion,16031.0,883294.2805059999,847387.4467116401,0.45920764744835024,9.606068302699612,0.17434153527220927,-2.23983742713242,-0.04065104301795138,153994.8809605775,0.07926647390452103,16031.0,883294.2805059999,944502.125,0.49113997409041693,12.083940636653617,0.21931269863450484,3.8180932736694744,0.06929496300931196,193717.65234619414,0.06988308838500973,0.03193232664206669,0.06501675352572314,2.4778723339540054,0.2050549906243331,4.497116336229556,39722.77138561665,0.20505499062433308,0.04065104301795138,0.06929496300931196,2.8643919991360574
with_promotion,12481.0,12435885.501141999,12460683.886353772,0.35471576342303135,143.3181913901345,0.14383811643939676,1.98689089109634,0.0019940988689141565,1788754.3467402686,0.920733526095479,12481.0,12435885.501141999,12553619.0,0.5582654176073578,206.57856922542967,0.2073279882052484,9.433002414589007,0.009467238890804319,2578307.1225025877,0.9301169116149902,0.20354965418432647,0.36461089611588315,63.260377835295174,0.3062291411567578,6.3489871765851635,789552.7757623191,0.30622914115675787,0.0019940988689141565,0.009467238890804319,0.7473140021890162
