promotion_status,rows,actual_total_sales,predicted_total_sales,rmsle,mae,wape,bias,total_bias_pct,mean_absolute_error,total_absolute_error,error_contribution_pct
without_promotion,16031.0,883294.2805059999,847387.4467116401,0.45920764744835024,9.606068302699612,0.17434153527220927,-2.23983742713242,-0.04065104301795138,9.606068302699612,153994.8809605775,0.07926647390452103
with_promotion,12481.0,12435885.501141999,12460683.886353772,0.35471576342303135,143.3181913901345,0.14383811643939676,1.98689089109634,0.0019940988689141565,143.3181913901345,1788754.3467402686,0.920733526095479
