feature_group,features,importance_gain,importance_split,importance_gain_pct,importance_split_pct
historical_sales,6,162741012.87117732,8157,0.9383285673686939,0.23160136286201022
store_product,6,4539306.780053139,13775,0.02617263560443666,0.3911130039750142
calendar,8,3438345.620987892,9193,0.019824737868713322,0.26101646791595684
oil,4,1246225.5722073317,2446,0.007185460107177694,0.06944917660420216
promotion,1,949232.8998759985,818,0.00547306626231294,0.023225440090857467
holiday_encoded,9,366161.67561244965,606,0.0021112069689201308,0.017206132879045998
events,7,156843.67394208908,225,0.0009043258197453931,0.006388415672913117
