component,mean_value,min_value,max_value,absolute_mean_value
trend,899085.8728729305,896446.7636356102,901724.982110251,899085.8728729305
weekly,-6060.757268643021,-129591.78163713182,193783.99596078825,88384.79164136195
yearly,-56010.76064066812,-69063.3334618738,-29161.2023094384,56010.76064066812
holidays,13155.344503762955,0.0,98849.812119223,13155.344503762955
