model,rows,rmsle,mae,wape,bias,total_bias_pct,actual_total_sales,predicted_total_sales
prophet_total_sales_v1,16,0.10700144385653945,73232.56224494817,0.08797245889973204,17720.96311438237,0.021287753035722997,13319179.781648,13602715.191478118
