day_name,days,mean_weekly_effect,mean_actual_sales,mean_predicted_sales,mean_absolute_error
Sunday,2,193783.995960732,957599.420874,1031107.1452042793,86707.04176025739
Saturday,2,135512.14153014377,879162.09278525,999614.416805201,120452.32401995087
Monday,3,-28750.839455476176,814748.0702561,817879.0506220412,34679.05969913102
Wednesday,2,-43703.66197339055,849425.8450305,802803.6406809757,103171.70514257526
Friday,2,-59028.57758203229,827074.704075,831397.0470566838,40980.491218984826
Tuesday,3,-68221.27684284425,822985.3494161667,797101.7440814761,103299.518875684
Thursday,2,-129591.78163711648,689727.6985508499,713964.153936643,27581.067955594568
